order,famAPG,famSyn
Pinales,Abietaceae,Pinaceae
Poales,Abolbodaceae,Xyridaceae
Asterales,Abrophyllaceae,Rousseaceae
Fabales,Acaciaceae,Fabaceae
Malpighiales,Acalyphaceae,Euphorbiaceae
Lamiales,Acanthaceae,Acanthaceae
Pandanales,Acanthochlamydaceae,Velloziaceae
Asterales,Acarnaceae,Asteraceae
Sapindales,Aceraceae,Sapindaceae
Malpighiales,Achariaceae,Achariaceae
Caryophyllales,Achatocarpaceae,Achatocarpaceae
Ericales,Achradaceae,Sapotaceae
Caryophyllales,Achyranthaceae,Amaranthaceae
Cupressales,Acmopylaceae,Podocarpaceae
Ranunculales,Aconitaceae,Ranunculaceae
Acorales,Acoraceae,Acoraceae
Arecales,Acristaceae,Arecaceae
Polypodiales,Acrostichaceae,Pteridaceae
Ranunculales,Actaeaceae,Ranunculaceae
Ericales,Actinidiaceae,Actinidiaceae
Polypodiales,Actiniopteridaceae,Pteridaceae
Apiales,Actinotaceae,Apiaceae
Caryophyllales,Adenogrammaceae,Molluginaceae
Polypodiales,Adiantaceae,Pteridaceae
Dipsacales,Adoxaceae,Adoxaceae
Caryophyllales,Aegialitidaceae,Plumbaginaceae
Ericales,Aegicerataceae,Primulaceae
Poales,Aegilopaceae,Poaceae
Lamiales,Aeginetiaceae,Orobanchaceae
Lamiales,Aegiphilaceae,Lamiaceae
Sapindales,Aesculaceae,Sapindaceae
Berberidopsidales,Aextoxicaceae,Aextoxicaceae
Asparagales,Agapanthaceae,Amaryllidaceae
Asparagales,Agavaceae,Asparagaceae
Caryophyllales,Agdestidaceae,Phytolaccaceae
Zygophyllales,Agialidaceae,Zygophyllaceae
Rosales,Agrimoniaceae,Rosaceae
Poales,Agrostidaceae,Poaceae
Sapindales,Ailanthaceae,Simaroubaceae
Sapindales,Aitoniaceae,Meliaceae
Caryophyllales,Aizoaceae,Aizoaceae
Lamiales,Ajugaceae,Lamiaceae
Brassicales,Akaniaceae,Akaniaceae
Cornales,Alangiaceae,Cornaceae
Rosales,Alchemillaceae,Rosaceae
Caryophyllales,Aldrovandaceae,Droseraceae
Alismatales,Alismataceae,Alismataceae
Asparagales,Alliaceae,Amaryllidaceae
Caryophyllales,Allioniaceae,Nyctaginaceae
Sapindales,Allophylaceae,Sapindaceae
Ericales,Alniphyllaceae,Styracaceae
Asparagales,Aloaceae,Asphodelaceae
Poales,Alopecuraceae,Poaceae
Zingiberales,Alpiniaceae,Zingiberaceae
Asterales,Alseuosmiaceae,Alseuosmiaceae
Caryophyllales,Alsinaceae,Caryophyllaceae
Malpighiales,Alsodeiaceae,Violaceae
Cyatheales,Alsophilaceae,Cyatheaceae
Liliales,Alstroemeriaceae,Alstroemeriaceae
Saxifragales,Altingiaceae,Altingiaceae
Myrtales,Alzateaceae,Alzateaceae
Caryophyllales,Amaranthaceae,Amaranthaceae
Asparagales,Amaryllidaceae,Amaryllidaceae
Amborellales,Amborellaceae,Amborellaceae
Asterales,Ambrosiaceae,Asteraceae
Cupressales,Amentotaxaceae,Taxaceae
Myrtales,Ammanniaceae,Lythraceae
Apiales,Ammiaceae,Apiaceae
Zingiberales,Amomaceae,Zingiberaceae
Vitales,Ampelopsidaceae,Vitaceae
Santalales,Amphorogynaceae,Santalaceae
Rosales,Amygdalaceae,Rosaceae
Sapindales,Amyridaceae,Rutaceae
Caryophyllales,Anacampserotaceae,Anacampserotaceae
Sapindales,Anacardiaceae,Anacardiaceae
Ericales,Anagallidaceae,Primulaceae
Poales,Anarthriaceae,Restionaceae
Boraginales,Anchusaceae,Boraginaceae
Caryophyllales,Ancistrocladaceae,Ancistrocladaceae
Ericales,Andromedaceae,Ericaceae
Poales,Andropogonaceae,Poaceae
Malpighiales,Androstachyaceae,Picrodendraceae
Asparagales,Androsynaceae,Tecophilaeaceae
Asparagales,Anemarrhenaceae,Asparagaceae
Schizaeales,Anemiaceae,Anemiaceae
Ranunculales,Anemonaceae,Ranunculaceae
Apiales,Angelicaceae,Apiaceae
Lamiales,Angeloniaceae,Plantaginaceae
Marattiales,Angiopteridaceae,Marattiaceae
Cucurbitales,Anisophylleaceae,Anisophylleaceae
Magnoliales,Annonaceae,Annonaceae
Poales,Anomochloaceae,Poaceae
Escalloniales,Anopteraceae,Escalloniaceae
Polypodiales,Anopteridaceae,Pteridaceae
Caryophyllales,Anrederaceae,Basellaceae
Asterales,Anthemidaceae,Asteroideae
Asparagales,Anthericaceae,Asparagaceae
Santalales,Anthobolaceae,Opiliaceae
Poales,Anthoxanthaceae,Poaceae
Malpighiales,Antidesmataceae,Phyllanthaceae
Lamiales,Antirrhinaceae,Plantaginaceae
Gentianales,Antoniaceae,Loganiaceae
Polypodiales,Antrophyaceae,Pteridaceae
Gentianales,Aparinaceae,Rubiaceae
Saxifragales,Aphanopetalaceae,Aphanopetalaceae
Crossosomatales,Aphloiaceae,Aphloiaceae
Asparagales,Aphyllanthaceae,Asparagaceae
Apiales,Apiaceae,Apiaceae
Gentianales,Apocynaceae,Apocynaceae
Cucurbitales,Apodanthaceae,Apodanthaceae
Alismatales,Aponogetonaceae,Aponogetonaceae
Malpighiales,Aporusaceae,Phyllanthaceae
Asterales,Aposeridaceae,Asteraceae
Asparagales,Apostasiaceae,Orchidaceae
Santalales,Aptandraceae,Aptandraceae
Aquifoliales,Aquifoliaceae,Aquifoliaceae
Malvales,Aquilariaceae,Thymelaeaceae
Ranunculales,Aquilegiaceae,Ranunculaceae
Alismatales,Araceae,Araceae
Brassicales,Arabidaceae,Brassicaceae
Lamiales,Aragoaceae,Plantaginaceae
Apiales,Araliaceae,Araliaceae
Apiales,Aralidiaceae,Torricelliaceae
Cupressales,Araucariaceae,Araucariaceae
Ericales,Arbutaceae,Ericaceae
Cupressales,Arceuthidaceae,Cupressaceae
Santalales,Arceuthobiaceae,Santalaceae
Ericales,Arctostaphylaceae,Ericaceae
Asterales,Arctotidaceae,Asteraceae
Ericales,Ardisiaceae,Primulaceae
Arecales,Arecaceae,Arecaceae
Asterales,Argophyllaceae,Argophyllaceae
Alismatales,Arisaraceae,Araceae
Piperales,Aristolochiaceae,Aristolochiaceae
Oxalidales,Aristoteliaceae,Elaeocarpaceae
Santalales,Arjonaceae,Schoepfiaceae
Caryophyllales,Armeriaceae,Plumbaginaceae
Asterales,Artemisiaceae,Asteraceae
Cupressales,Arthrotaxidaceae,Cupressaceae
Rosales,Artocarpaceae,Moraceae
Poales,Arundinaceae,Poaceae
Poales,Arundinellaceae,Poaceae
Piperales,Asaraceae,Aristolochiaceae
Gentianales,Asclepiadaceae,Apocynaceae
Malpighiales,Ascyraceae,Hypericaceae
Fabales,Aspalathaceae,Fabaceae
Asparagales,Asparagaceae,Asparagaceae
Poales,Asperellaceae,Poaceae
Gentianales,Asperulaceae,Rubiaceae
Asparagales,Asphodelaceae,Asphodelaceae
Polypodiales-eupolypod I,Aspidiaceae,Dryopteridaceae
Asparagales,Aspidistraceae,Asparagaceae
eupolypod II,Aspleniaceae,Aspleniaceae
Asparagales,Asteliaceae,Asteliaceae
Asterales,Asteraceae,Asteraceae
Ericales,Asteranthaceae,Lecythidaceae
Caryophyllales,Asteropeiaceae,Asteropeiaceae
Fabales,Astragalaceae,Fabaceae
Brassicales,Astrocarpaceae,Resedaceae
Asterales,Athanasiaceae,Asteraceae
Laurales,Atherospermataceae,Atherospermataceae
eupolypod II,Athyriaceae,Athyriaceae
Caryophyllales,Atriplicaceae,Amaranthaceae
Solanales,Atropaceae,Solanaceae
Garryales,Aucubaceae,Garryaceae
Sapindales,Aurantiaceae,Rutaceae
Austrobaileyales,Austrobaileyaceae,Austrobaileyaceae
Cupressales,Austrotaxaceae,Taxaceae
Poales,Avenaceae,Poaceae
Oxalidales,Averrhoaceae,Oxalidaceae
Dioscoreales,Avetraceae,Dioscoreaceae
Lamiales,Avicenniaceae,Acanthaceae
Ericales,Azaleaceae,Ericaceae
Brassicales,Azimaceae,Salvadoraceae
Marsileales,Azollaceae,Salviniaceae
Zygophyllales,Balanitaceae,Zygophyllaceae
Myrtales,Baeckeaceae,Myrtaceae
Malpighiales,Balanopaceae,Balanopaceae
Santalales,Balanophoraceae,Balanophoraceae
Sapindales,Balsameaceae,Burseraceae
Ericales,Balsaminaceae,Balsaminaceae
Poales,Bambusaceae,Poaceae
Pandanales,Barbaceniaceae,Velloziaceae
Caryophyllales,Barbeuiaceae,Barbeuiaceae
Rosales,Barbeyaceae,Barbeyaceae
Nymphaeales,Barclayaceae,Nymphaeaceae
Ericales,Barringtoniaceae,Lecythidaceae
Caryophyllales,Basellaceae,Basellaceae
Brassicales,Bataceae,Bataceae
Oxalidales,Baueraceae,Cunoniaceae
Fabales,Bauhiniaceae,Fabaceae
Arecales,Baxteriaceae,Dasypogonaceae
Cucurbitales,Begoniaceae,Begoniaceae
Asparagales,Behniaceae,Asparagaceae
Oxalidales,Belangeraceae,Cunoniaceae
Lamiales,Belloniaceae,Gesneriaceae
Malpighiales,Bembiciaceae,Salicaceae
Ranunculales,Berberidaceae,Berberidaceae
Berberidopsidales,Berberidopsidaceae,Berberidopsidaceae
Malvales,Berryaceae,Malvaceae
Geraniales,Bersamaceae,Francoaceae
Malpighiales,Bertyaceae,Euphorbiaceae
Bruniales,Berzeliaceae,Bruniaceae
Lamiales,Besleriaceae,Gesneriaceae
Caryophyllales,Betaceae,Amaranthaceae
Fagales,Betulaceae,Betulaceae
Sapindales,Biebersteiniaceae,Biebersteiniaceae
Santalales,Bifariaceae,Santalaceae
Lamiales,Bignoniaceae,Bignoniaceae
Malpighiales,Bischofiaceae,Phyllanthaceae
Malvales,Bixaceae,Bixaceae
Myrtales,Blakeaceae,Melastomataceae
Asparagales,Blandfordiaceae,Blandfordiaceae
Myrtales,Blattiaceae,Lythraceae
eupolypod II,Blechnaceae,Blechnaceae
Sapindales,Blepharocaryaceae,Anacardiaceae
Caryophyllales,Blitaceae,Amaranthaceae
Alismatales,Blyxaceae,Hydrocharitaceae
Ericales,Boerlagellaceae,Sapotaceae
"fossil ??""Hamamelidales""",Bogutchanthaceae,Bogutchanthaceae
Polypodiales-eupolypod I,Bolbitidaceae,Dryopteridaceae
Lamiales,Bolivaraceae,Oleaceae
Malvales,Bombacaceae,Malvaceae
Malpighiales,Bonnetiaceae,Bonnetiaceae
Lamiales,Bontiaceae,Scrophulariaceae
Asterales,Boopidaceae,Calyceraceae
Boraginales,Boraginaceae,Boraginaceae
Arecales,Borassaceae,Arecaceae
Sapindales,Boroniaceae,Rutaceae
Brassicales,Borthwickiaceae,Resedaceae
Asparagales,Boryaceae,Boryaceae
Ophioglossales,Botrychiaceae,Ophioglossaceae
Apiales,Botryodendraceae,Araliaceae
Caryophyllales,Bougainvilleaceae,Nyctaginaceae
Cycadales,Boweniaceae,Zamiaceae
Brassicales,Brassicaceae,Brassicaceae
Saxifragales,Brachycaulaceae,Saxifragaceae
Cupressales,Bracteocarpaceae,Podocarpaceae
Brassicales,Bretschneideraceae,Akaniaceae
Celastrales,Brexiaceae,Celastraceae
Poales,Bromaceae,Poaceae
Poales,Bromeliaceae,Bromeliaceae
Solanales,Browalliaceae,Solanaceae
Malvales,Brownlowiaceae,Malvaceae
Oxalidales,Brunelliaceae,Brunelliaceae
Bruniales,Bruniaceae,Bruniaceae
Asterales,Brunoniaceae,Goodeniaceae
Asparagales,Brunsvigiaceae,Amaryllidaceae
Cucurbitales,Bryoniaceae,Cucurbitaceae
Lamiales,Buchneraceae,Orobanchaceae
Myrtales,Bucidaceae,Combretaceae
Lamiales,Buddlejaceae,Scrophulariaceae
Boraginales,Buglossaceae,Boraginaceae
Liliales,Bulbocodiaceae,Colchicaceae
Ericales,Bumeliaceae,Sapotaceae
Apiales,Bupleuraceae,Apiaceae
Liliales,Burchardiaceae,Colchicaceae
Dioscoreales,Burmanniaceae,Burmanniaceae
Sapindales,Burseraceae,Burseraceae
Laurales,Butneriaceae,Calycanthaceae
Alismatales,Butomaceae,Butomaceae
Buxales,Buxaceae,Buxaceae
Lamiales,Byblidaceae,Byblidaceae
Malvales,Byttneriaceae,Malvaceae
Nymphaeales,Cabombaceae,Cabombaceae
Malvales,Cacaoaceae,Malvaceae
Caryophyllales,Cactaceae,Cactaceae
Fabales,Caesalpiniaceae,Fabaceae
Alismatales,Caladiaceae,Araceae
Arecales,Calamaceae,Arecaceae
Lamiales,Calceolariaceae,Calceolariaceae
Arecales,Calectasiaceae,Dasypogonaceae
Asterales,Calendulaceae,Asteraceae
Alismatales,Callaceae,Araceae
Oxalidales,Callicomaceae,Cunoniaceae
Caryophyllales,Calligonaceae,Polygonaceae
Cupressales,Callitridaceae,Cupressaceae
Lamiales,Callitrichaceae,Plantaginaceae
Liliales,Calochortaceae,Liliaceae
Malpighiales,Calophyllaceae,Calophyllaceae
Ranunculales,Calthaceae,Ranunculaceae
Laurales,Calycanthaceae,Calycanthaceae
Asterales,Calyceraceae,Calyceraceae
Malpighiales,Cambogiaceae,Clusiaceae
Ericales,Camelliaceae,Theaceae
Asterales,Campanulaceae,Campanulaceae
Cornales,Camptothecaceae,Nyssaceae
Liliales,Campynemataceae,Campynemataceae
Fagales,Canacomyricaceae,Myricaceae
Canellales,Canellaceae,Canellaceae
Rosales,Cannabaceae,Cannabaceae
Zingiberales,Cannaceae,Cannaceae
Santalales,Canopodaceae,Santalaceae
Celastrales,Canotiaceae,Celastraceae
Santalales,Cansjeraceae,Opiliaceae
Brassicales,Capparaceae,Capparaceae
Lamiales,Caprariaceae,Scrophulariaceae
Dipsacales,Caprifoliaceae,Caprifoliaceae
Aquifoliales,Cardiopteridaceae,Cardiopteridaceae
Asterales,Carduaceae,Asteraceae
Brassicales,Caricaceae,Caricaceae
Gentianales,Carissaceae,Apocynaceae
Lamiales,Carlemanniaceae,Carlemanniaceae
Asterales,Carlinaceae,Asteraceae
Fagales,Carpinaceae,Betulaceae
Asterales,Carpodetaceae,Rousseaceae
Commelinales,Cartonemataceae,Commelinaceae
Malpighiales,Caryocaraceae,Caryocaraceae
Caryophyllales,Caryophyllaceae,Caryophyllaceae
Fabales,Cassiaceae,Fabaceae
Malpighiales,Cassipoureaceae,Rhizophoraceae
Laurales,Cassythaceae,Lauraceae
Fagales,Castaneaceae,Fagaceae
Sapindales,Castelaceae,Simaroubaceae
Fagales,Casuarinaceae,Casuarinaceae
Gentianales,Catesbaeaceae,Rubiaceae
Santalales,Cathedraceae,Aptandraceae
Apiales,Caucaulidaceae,Apiaceae
Rosales,Cecropiaceae,Urticaceae
Pinales,Cedraceae,Pinaceae
Sapindales,Cedrelaceae,Meliaceae
Celastrales,Celastraceae,Celastraceae
Caryophyllales,Celosiaceae,Amaranthaceae
Rosales,Celtidaceae,Cannabaceae
Asterales,Centaureaceae,Asteraceae
Poales,Centrolepidaceae,Restionaceae
Malpighiales,Centroplacaceae,Centroplacaceae
Asparagales,Cepaceae,Amaryllidaceae
Gentianales,Cephalanthaceae,Rubiaceae
Oxalidales,Cephalotaceae,Cephalotaceae
Cupressales,Cephalotaxaceae,Taxaceae
Caryophyllales,Cerastiaceae,Caryophyllaceae
Fabales,Ceratoniaceae,Fabaceae
Ceratophyllales,Ceratophyllaceae,Ceratophyllaceae
Polypodiales,Ceratopteridaceae,Pteridaceae
Gentianales,Cerberaceae,Apocynaceae
Saxifragales,Cercidiphyllaceae,Cercidiphyllaceae
Rosales,Cercocarpaceae,Rosaceae
Saxifragales,Cercodiaceae,Haloragaceae
Caryophyllales,Cereaceae,Cactaceae
Boraginales,Cerinthaceae,Boraginaceae
Arecales,Ceroxylaceae,Arecaceae
Santalales,Cervantesiaceae,Santalaceae
Solanales,Cestraceae,Solanaceae
Cornales,Cevalliaceae,Loasaceae
Poales,Chaeturaceae,Poaceae
Malpighiales,Chailletiaceae,Dichapetalaceae
Arecales,Chamaedoraceae,Arecaceae
Rosales,Chamaemoraceae,Rosaceae
Myrtales,Chamelauciaceae,Myrtaceae
Santalales,Chaunochitonaceae,Aptandraceae
Polypodiales,Cheilanthaceae,Pteridaceae
Malpighiales,Cheilosaceae,Euphorbiaceae
Gleicheniales,Cheiropleuriaceae,Dipteridaceae
Ranunculales,Chelidoniaceae,Papaveraceae
Lamiales,Chelonaceae,Plantaginaceae
Caryophyllales,Chenopodiaceae,Amaranthaceae
Laurales,Chimonanthaceae,Calycanthaceae
Celastrales,Chingithamnaceae,Celastraceae
Liliales,Chionographidaceae,Melanthiaceae
Malvales,Chiranthodendraceae,Malvaceae
Gentianales,Chironiaceae,Gentianaceae
Malvales,Chlaenaceae,Sarcolaenaceae
Lamiales,Chloanthaceae,Lamiaceae
Chloranthales,Chloranthaceae,Chloranthaceae
Poales,Chloridaceae,Poaceae
Asparagales,Chlorogalaceae,Asparagaceae
Marattiales,Christenseniaceae,Marattiaceae
Malpighiales,Chrysobalanaceae,Chrysobalanaceae
Saxifragales,Chrysospleniaceae,Saxifragaceae
Cyatheales,Cibotiaceae,Cibotiaceae
Fabales,Ciceraceae,Fabaceae
Asterales,Cichoriaceae,Asteraceae
Ranunculales,Cimicifugaceae,Ranunculaceae
Gentianales,Cinchoniaceae,Rubiaceae
Myrtales,Circaeaceae,Onagraceae
Ranunculales,Circaeasteraceae,Circaeasteraceae
Vitales,Cissaceae,Vitaceae
Malvales,Cistaceae,Cistaceae
Sapindales,Citraceae,Rutaceae
Ranunculales,Clematidaceae,Ranunculaceae
Brassicales,Cleomaceae,Cleomaceae
Ericales,Clethraceae,Clethraceae
Malpighiales,Clusiaceae,Clusiaceae
Sapindales,Cneoraceae,Rutaceae
Oxalidales,Cnestidaceae,Connaraceae
Asterales,Cnicaceae,Asteraceae
Ericales,Cobaeaceae,Polemoniaceae
Malvales,Cochlospermaceae,Bixaceae
Boraginales,Codonaceae,Codonaceae
Arecales,Cocosaceae,Arecaceae
Poales,Coeleanthaceae,Poaceae
Gentianales,Coffeaceae,Rubiaceae
Liliales,Colchicaceae,Colchicaceae
Boraginales,Coldeniaceae,Cordiaceae
Rosales,Coleogynaceae,Rosaceae
Alismatales,Colocasiaceae,Araceae
Bruniales,Columelliaceae,Columelliaceae
Santalales,Comandraceae,Santalaceae
Myrtales,Combretaceae,Combretaceae
Commelinales,Commelinaceae,Commelinaceae
Sapindales,Comocladiaceae,Anacardiaceae
Asterales,Compositae,Compositae
Liliales,Compsoaceae,Calochortoideae
Asparagales,Conantheraceae,Tecophilaeaceae
Oxalidales,Connaraceae,Connaraceae
Commelinales,Conostylidaceae,Haemodoraceae
Asparagales,Convallariaceae,Asparagaceae
Solanales,Convolvulaceae,Convolvulaceae
Caryophyllales,Corbichoniaceae,Lophiocarpaceae
Boraginales,Cordiaceae,Cordiaceae
Asterales,Coreopsidaceae,Asteraceae
Apiales,Coriandraceae,Apiaceae
Cucurbitales,Coriariaceae,Coriariaceae
Ericales,Coridaceae,Primulaceae
Caryophyllales,Corispermaceae,Amaranthaceae
Cornales,Cornaceae,Cornaceae
Asterales,Corokiaceae,Argophyllaceae
Fabales,Coronillaceae,Fabaceae
Sapindales,Correaceae,Rutaceae
Caryophyllales,Corrigiolaceae,Caryophyllaceae
Liliales,Corsiaceae,Corsiaceae
Ranunculales,Corydalaceae,Papaveraceae
Fagales,Corylaceae,Betulaceae
Cucurbitales,Corynocarpaceae,Corynocarpaceae
Arecales,Coryphaceae,Arecaceae
Zingiberales,Costaceae,Costaceae
Saxifragales,Cotyledonaceae,Crassulaceae
Santalales,Coulaceae,Coulaceae
Gentianales,Coutariaceae,Rubiaceae
Gentianales,Coutoubeaceae,Gentianaceae
Saxifragales,Crassulaceae,Crassulaceae
Lamiales,Crescentiaceae,Bignoniaceae
Solanales,Cressaceae,Convolvulaceae
Asparagales,Crinaceae,Amaryllidaceae
Asparagales,Crocaceae,Iridaceae
Pandanales,Croomiaceae,Stemonaceae
Crossosomatales,Crossosomataceae,Crossosomataceae
Malpighiales,Crotonaceae,Euphorbiaceae
Brassicales,Cruciferae,Cruciferae
Malpighiales,Cryptaceae,Elatinaceae
Myrtales,Crypteroniaceae,Crypteroniaceae
Alismatales,Cryptocorynaceae,Araceae
Polypodiales,Cryptogammaceae,Pteridaceae
Cupressales,Cryptomeriaceae,Cupressaceae
Malpighiales,Ctenolophonaceae,Ctenolophonaceae
Cucurbitales,Cucurbitaceae,Cucurbitaceae
Cyatheales,Culcitaceae,Culcitaceae
Cupressales,Cunninghamiaceae,Cupressaceae
Oxalidales,Cunoniaceae,Cunoniaceae
Cupressales,Cupressaceae,Cupressaceae
Zingiberales,Curcumaceae,Zingiberaceae
Cornales,Curtisiaceae,Curtisiaceae
Solanales,Cuscutaceae,Convolvulaceae
Asterales,Cyananthaceae,Campanulaceae
Asparagales,Cyanastraceae,Tecophilaeaceae
Gentianales,Cynanchaceae,Apocynaceae
Asparagales,Cyanellaceae,Tecophilaeaceae
Cyatheales,Cyatheaceae,Cyatheaceae
Cycadales,Cycadaceae,Cycadaceae
Pandanales,Cyclanthaceae,Cyclanthaceae
Cucurbitales,Cyclantheraceae,Cucurbitaceae
Lamiales,Cyclocheilaceae,Orobanchaceae
Rosales,Cydoniaceae,Rosaceae
Alismatales,Cymodoceaceae,Cymodoceaceae
Asterales,Cynaraceae,Asteraceae
Gentianales,Cynocrambaceae,Rubiaceae
Poales,Cynodontaceae,Poaceae
Boraginales,Cynoglossaceae,Boraginaceae
Saxifragales,Cynomoriaceae,Cynomoriaceae
Poales,Cynosuraceae,Poaceae
Poales,Cyperaceae,Cyperaceae
Asterales,Cyphiaceae,Campanulaceae
Asterales,Cyphocarpaceae,Campanulaceae
Asparagales,Cypripediaceae,Orchidaceae
Ericales,Cyrillaceae,Cyrillaceae
Lamiales,Cyrtandraceae,Gesneriaceae
Asparagales,Cyrtanthaceae,Amaryllidaceae
Polypodiales,Cystodiaceae,Cystodiaceae
Polypodiales-eupolypod II,Cystopteridaceae,Cystopteridaceae
Malvales,Cytinaceae,Cytinaceae
Cupressales,Dacrycarpaceae,Podocarpaceae
Santalales,Dactylanthaceae,Balanophoraceae
Fabales,Dalbergiaceae,Fabaceae
Fabales,Daleaceae,Fabaceae
Alismatales,Damasoniaceae,Alismataceae
Marattiales,Danaeaceae,Marattiaceae
Malvales,Daphnaceae,Thymelaeaceae
Saxifragales,Daphniphyllaceae,Daphniphyllaceae
Arecales,Dasypogonaceae,Dasypogonaceae
Cucurbitales,Datiscaceae,Datiscaceae
Solanales,Daturaceae,Solanaceae
Apiales,Daucaceae,Apiaceae
Polypodiales-eupolypod I,Davalliaceae,Davalliaceae
Cornales,Davidiaceae,Nyssaceae
Oxalidales,Davidsoniaceae,Cunoniaceae
Ranunculales,Decaisneaceae,Lardizabalaceae
Caryophyllales,Deeringiaceae,Amaranthaceae
Magnoliales,Degeneriaceae,Degeneriaceae
Dilleniales,Delimaceae,Dilleniaceae
Ranunculales,Delphiniaceae,Ranunculaceae
Santalales,Dendrophthoaceae,Loranthaceae
Polypodiales,Dennstaedtiaceae,Dennstaedtiaceae
Bruniales,Desfontainiaceae,Columelliaceae
Fabales,Detariaceae,Fabaceae
Gentianales,Dialypetalanthaceae,Rubiaceae
Asparagales,Dianellaceae,Asphodelaceae
Caryophyllales,Dianthaceae,Caryophyllaceae
Ericales,Diapensiaceae,Diapensiaceae
Malpighiales,Dichapetalaceae,Dichapetalaceae
Solanales,Dichondraceae,Convolvulaceae
Cyatheales,Dicksoniaceae,Dicksoniaceae
Fabales,Diclidantheraceae,Polygalaceae
Lamiales,Dicrastylidiaceae,Lamiaceae
Sapindales,Dictamnaceae,Rutaceae
Caryophyllales,Didiereaceae,Didiereaceae
Buxales,Didymelaceae,Buxaceae
Lamiales,Didymocarpaceae,Gesneriaceae
Malvales,Diegodendraceae,Bixaceae
Dipsacales,Diervillaceae,Caprifoliaceae
Lamiales,Digitalidaceae,Plantaginaceae
Commelinales,Dilatridaceae,Haemodoraceae
Dilleniales,Dilleniaceae,Dilleniaceae
Cycadales,Dioaceae,Zamiaceae
Caryophyllales,Dionaeaceae,Droseraceae
Caryophyllales,Dioncophyllaceae,Dioncophyllaceae
Dioscoreales,Dioscoreaceae,Dioscoreaceae
Sapindales,Diosmaceae,Rutaceae
Ericales,Diospyraceae,Ebenaceae
Huerteales,Dipentodontaceae,Dipentodontaceae
Ranunculales,Diphylleiaceae,Berberidaceae
eupolypod II,Diplaziopsidaceae,Diplaziopsidaceae
Sapindales,Diplolaenaceae,Rutaceae
Dipsacales,Dipsacaceae,Caprifoliaceae
Gleicheniales,Dipteridaceae,Dipteridaceae
Malvales,Dipterocarpaceae,Dipterocarpaceae
Rosales,Dirachmaceae,Dirachmaceae
Saxifragales,Disanthaceae,Hamamelidaceae
Cupressales,Diselmaceae,Cupressaceae
Sapindales,Dodonaeaceae,Sapindaceae
Malvales,Dombeyaceae,Malvaceae
Asterales,Donatiaceae,Stylidiaceae
Rosales,Dorsteniaceae,Moraceae
Asterales,Dortmannaceae,Campanulaceae
Asparagales,Doryanthaceae,Doryanthaceae
Brassicales,Drabaceae,Brassicaceae
Asparagales,Dracaenaceae,Asparagaceae
Alismatales,Dracontiaceae,Araceae
Canellales,Drimyidaceae,Winteraceae
Caryophyllales,Droseraceae,Droseraceae
Caryophyllales,Drosophyllaceae,Drosophyllaceae
Rosales,Dryadaceae,Rosaceae
Polypodiales-eupolypod I,Drynariaceae,Polypodiaceae
Polypodiales-eupolypod I,Dryopteridaceae,Dryopteridaceae
Myrtales,Duabangaceae,Lythraceae
Solanales,Duckeodendraceae,Solanaceae
Aquifoliales,Dulongiaceae,Phyllonomaceae
Lamiales,Durantaceae,Verbenaceae
Malvales,Durionaceae,Malvaceae
Caryophyllales,Dysphaniaceae,Amaranthaceae
Ericales,Ebenaceae,Ebenaceae
Asparagales,Eccremidaceae,Asphodelaceae
Poales,Ecdeiocoleaceae,Ecdeiocoleaceae
Boraginales,Echiaceae,Boraginaceae
Poales,Echinariaceae,Poaceae
Asterales,Echinopaceae,Asteraceae
Boraginales,Ehretiaceae,Ehretiaceae
Poales,Ehrhartaceae,Poaceae
Rosales,Elaeagnaceae,Elaeagnaceae
Oxalidales,Elaeocarpaceae,Elaeocarpaceae
Polypodiales-eupolypod I,Elaphoglossaceae,Dryopteridaceae
Poales,Elegiaceae,Restionaceae
Malpighiales,Elatinaceae,Elatinaceae
Boraginales,Ellisiaceae,Hydrophyllaceae
Lamiales,Ellisiophyllaceae,Plantaginaceae
Alismatales,Elodeaceae,Hydrocharitaceae
Santalales,Elytranthaceae,Loranthaceae
Ericales,Embeliaceae,Primulaceae
Brassicales,Emblingiaceae,Emblingiaceae
Metteniusales,Emmotaceae,Metteniusaceae
Ericales,Empetraceae,Ericaceae
Cycadales,Encephalartaceae,Zamiaceae
Fagales,Engelhardtiaceae,Juglandaceae
Alismatales,Enhalaceae,Hydrocharitaceae
Ericales,Epacridaceae,Ericaceae
Gnetales,Ephedraceae,Ephedraceae
Commelinales,Ephemeranthaceae,Commelinaceae
Myrtales,Epilobiaceae,Onagraceae
Ranunculales,Epimediaceae,Berberidaceae
Equisetales,Equisetaceae,Equisetaceae
Poales,Eragrostidaceae,Poaceae
Santalales,Eremolepidaceae,Santalaceae
Escalloniales,Eremosynaceae,Escalloniaceae
Ericales,Ericaceae,Ericaceae
Lamiales,Erinaceae,Orobanchaceae
Poales,Eriocaulaceae,Eriocaulaceae
Caryophyllales,Eriogonaceae,Polygonaceae
Asparagales,Eriospermaceae,Asparagaceae
Geraniales,Erodiaceae,Geraniaceae
Solanales,Erycibaceae,Convolvulaceae
Apiales,Eryngiaceae,Apiaceae
Brassicales,Erysimaceae,Brassicaceae
Liliales,Erythroniaceae,Liliaceae
Santalales,Erythropalaceae,Erythropalaceae
Malpighiales,Erythrospermaceae,Achariaceae
Malpighiales,Erythroxylaceae,Erythroxylaceae
Escalloniales,Escalloniaceae,Escalloniaceae
Ranunculales,Eschscholziaceae,Papaveraceae
Asparagales,Eucomidaceae,Asparagaceae
Garryales,Eucommiaceae,Eucommiaceae
Oxalidales,Eucryphiaceae,Cunoniaceae
Myrtales,Eugeniaceae,Myrtaceae
Celastrales,Euonymaceae,Celastraceae
Asterales,Eupatoriaceae,Asteraceae
Malpighiales,Euphorbiaceae,Euphorbiaceae
Lamiales,Euphrasiaceae,Orobanchaceae
Malpighiales,Euphroniaceae,Euphroniaceae
Magnoliales,Eupomatiaceae,Eupomatiaceae
Ranunculales,Eupteleaceae,Eupteleaceae
Nymphaeales,Euryalaceae,Nymphaeaceae
Asparagales,Eustrephaceae,Asparagaceae
Malpighiales,Euthemidaceae,Ochnaceae
Boraginales,Eutocaceae,Hydrophyllaceae
Solanales,Evolvulaceae,Convolvulaceae
Saxifragales,Exbucklandiaceae,Hamamelidaceae
Santalales,Exocarpaceae,Santalaceae
Fabales,Fabaceae,Fabaceae
Fagales,Fagaceae,Fagaceae
Cupressales,Falcatifoliaceae,Podocarpaceae
Apiales,Ferulaceae,Apiaceae
Poales,Festucaceae,Poaceae
Rosales,Ficaceae,Moraceae
Caryophyllales,Ficoidaceae,Aizoaceae
Polypodiales-eupolypod I,Filicaceae,Dryopteridaceae
Cupressales,Fitzroyaceae,Cupressaceae
Malpighiales,Flacourtiaceae,Salicaceae
Poales,Flagellariaceae,Flagellariaceae
Sapindales,Flindersiaceae,Rutaceae
Ericales,Foetidiaceae,Lecythidaceae
Lamiales,Forestieraceae,Oleaceae
Saxifragales,Fothergillaceae,Hamamelidaceae
Ericales,Fouquieriaceae,Fouquieriaceae
Rosales,Fragariaceae,Rosaceae
Geraniales,Francoaceae,Francoaceae
Rosales,Frangulaceae,Rhamnaceae
Caryophyllales,Frankeniaceae,Frankeniaceae
Lamiales,Fraxinaceae,Oleaceae
Sapindales,Fraxinellaceae,Rutaceae
Pandanales,Freycinetiaceae,Pandanaceae
Liliales,Fritillariaceae,Liliaceae
Myrtales,Fuchsiaceae,Onagraceae
Ranunculales,Fumariaceae,Papaveraceae
Asparagales,Funkiaceae,Asparagaceae
Santalales,Gaiadendraceae,Loranthaceae
Ericales,Galacinaceae,Diapensiaceae
Asparagales,Galanthaceae,Amaryllidaceae
Asparagales,Galaxiaceae,Iridaceae
Fabales,Galedupaceae,Fabaceae
Caryophyllales,Galeniaceae,Aizoaceae
Gentianales,Galiaceae,Rubiaceae
Malpighiales,Garciniaceae,Clusiaceae
Gentianales,Gardeniaceae,Rubiaceae
Gentianales,Gardneriaceae,Loganiaceae
Garryales,Garryaceae,Garryaceae
Crossosomatales,Geissolomataceae,Geissolomataceae
Asparagales,Geitonoplesiaceae,Asphodelaceae
Gentianales,Gelsemiaceae,Gelsemiaceae
Gentianales,Geniostomataceae,Loganiaceae
Gentianales,Gentianaceae,Gentianaceae
Fabales,Geoffroeaceae,Fabaceae
Arecales,Geonomataceae,Arecaceae
Asparagales,Geosiridaceae,Iridaceae
Geraniales,Geraniaceae,Geraniaceae
Huerteales,Gerrardinaceae,Gerrardinaceae
Lamiales,Gesneriaceae,Gesneriaceae
Asparagales,Gethyllidaceae,Amaryllidaceae
Asparagales,Gilliesiaceae,Amaryllidaceae
Santalales,Ginalloaceae,Santalaceae
Ginkgoales,Ginkgoaceae,Ginkgoaceae
Caryophyllales,Gisekiaceae,Gisekiaceae
Asparagales,Gladiolaceae,Iridaceae
Ranunculales,Glaucidiaceae,Ranunculaceae
Lamiales,Glechomaceae,Lamiaceae
Gleicheniales,Gleicheniaceae,Gleicheniaceae
Caryophyllales,Glinaceae,Molluginaceae
Lamiales,Globulariaceae,Plantaginaceae
Poales,Glyceriaceae,Poaceae
Asterales,Gnaphaliaceae,Asteraceae
Gnetales,Gnetaceae,Gnetaceae
Malvales,Gnidiaceae,Thymelaeaceae
Solanales,Goetzeaceae,Solanaceae
Laurales,Gomortegaceae,Gomortegaceae
Malpighiales,Gomphiaceae,Ochnaceae
Caryophyllales,Gomphrenaceae,Amaranthaceae
Malvales,Gonystylaceae,Thymelaeaceae
Asterales,Goodeniaceae,Goodeniaceae
Ericales,Gordoniaceae,Theaceae
Rosales,Gouaniaceae,Rhamnaceae
Malpighiales,Goupiaceae,Goupiaceae
Poales,Gramineae,Gramineae
Polypodiales-eupolypod I,Grammitidaceae,Polypodiaceae
Lamiales,Gratiolaceae,Plantaginaceae
Malvales,Grewiaceae,Malvaceae
Geraniales,Greyiaceae,Francoaceae
Malvales,Grielaceae,Neuradaceae
Asterales,Grindeliaceae,Asteraceae
Apiales,Griseliniaceae,Griseliniaceae
Cornales,Gronoviaceae,Loasaceae
Saxifragales,Grossulariaceae,Grossulariaceae
Cornales,Grubbiaceae,Grubbiaceae
Ericales,Guaiacanaceae,Ebenaceae
Crossosomatales,Guamatelaceae,Guamatelaceae
Gentianales,Guettardaceae,Rubiaceae
Gunnerales,Gunneraceae,Gunneraceae
Ericales,Gustaviaceae,Lecythidaceae
Malpighiales,Guttiferae,Clusiaceae
Polypodiales-eupolypod I,Gymnogrammitidaceae,Polypodiaceae
Laurales,Gyrocarpaceae,Hernandiaceae
Brassicales,Gyrostemonaceae,Gyrostemonaceae
Santalales,Hachetteaceae,Balanophoraceae
Asparagales,Haemanthaceae,Amaryllidaceae
Commelinales,Haemodoraceae,Haemodoraceae
Ericales,Halesiaceae,Styracaceae
Lamiales,Halleriaceae,Stilbaceae
Cupressales,Halocarpaceae,Podocarpaceae
Alismatales,Halophilaceae,Hydrocharitaceae
Caryophyllales,Halophytaceae,Halophytaceae
Saxifragales,Haloragaceae,Haloragaceae
Saxifragales,Hamamelidaceae,Hamamelidaceae
Gentianales,Hameliaceae,Rubiaceae
Commelinales,Hanguanaceae,Hanguanaceae
Buxales,Haptanthaceae,Buxaceae
Santalales,Harmandiaceae,Aptandraceae
Lamiales,Hebenstretiaceae,Scrophulariaceae
Caryophyllales,Hectorellaceae,Montiaceae
Apiales,Hederaceae,Araliaceae
Chloranthales,Hedyosmaceae,Chloranthaceae
Gentianales,Hedyotidaceae,Rubiaceae
Fabales,Hedysaraceae,Fabaceae
Santalales,Heisteriaceae,Erythropalaceae
Asterales,Heleniaceae,Asteraceae
Ericales,Heliamphoraceae,Sarraceniaceae
Asterales,Helianthaceae,Asteraceae
Malvales,Helianthemaceae,Cistaceae
Asterales,Helichrysaceae,Asteraceae
Zingiberales,Heliconiaceae,Heliconiaceae
Malvales,Helicteraceae,Malvaceae
Boraginales,Heliotropiaceae,Heliotropiaceae
Ranunculales,Helleboraceae,Ranunculaceae
Ophioglossales,Helmithostachyaceae,Ophioglossaceae
Liliales,Heloniadaceae,Melanthiaceae
Santalales,Helosidaceae,Balanophoraceae
Aquifoliales,Helwingiaceae,Helwingiaceae
Asparagales,Hemerocallidaceae,Asphodelaceae
Polypodiales-eupolypod II,Hemidictyaceae,Hemidictyaceae
Polypodiales,Hemionotidaceae,Pteridaceae
Lamiales,Hemimeridaceae,Scrophulariaceae
Asparagales,Hemiphylacaceae,Asparagaceae
Gentianales,Henriqueziaceae,Rubiaceae
Myrtales,Henslowiaceae,Crypteroniaceae
Malvales,Hermanniaceae,Malvaceae
Laurales,Hernandiaceae,Hernandiaceae
Caryophyllales,Herniariaceae,Caryophyllaceae
Asparagales,Herreriaceae,Asparagaceae
Asparagales,Hesperocallidaceae,Asparagaceae
Commelinales,Heterantheraceae,Pontederiaceae
Myrtales,Heteropyxidaceae,Myrtaceae
Alismatales,Heterostylaceae,Juncaginaceae
Dilleniales,Hibbertiaceae,Dilleniaceae
Malvales,Hibiscaceae,Malvaceae
Caryophyllales,Hilleriaceae,Petiveriaceae
Magnoliales,Himantandraceae,Himantandraceae
Sapindales,Hippocastanaceae,Sapindaceae
Celastrales,Hippocrateaceae,Celastraceae
Malpighiales,Hippomanaceae,Euphorbiaceae
Rosales,Hippophaeaceae,Elaeagnaceae
Lamiales,Hippuridaceae,Plantaginaceae
Malpighiales,Hirtellaceae,Chrysobalanaceae
Sapindales,Holacanthaceae,Simaroubaceae
Poales,Holcaceae,Poaceae
Malpighiales,Homaliaceae,Salicaceae
Poales,Hopkinsiaceae,Restionaceae
Boraginales,Hoplestigmataceae,Cordiaceae
Poales,Hordeaceae,Poaceae
Magnoliales,Hornschuchiaceae,Annonaceae
Cornales,Hortensiaceae,Hydrangeaceae
Laurales,Hortoniaceae,Monimiaceae
Asparagales,Hostaceae,Asparagaceae
Ericales,Hottoniaceae,Primulaceae
Gentianales,Houstoniaceae,Rubiaceae
Oxalidales,Huaceae,Huaceae
Huerteales,Huerteaceae,Tapisciaceae
Malpighiales,Hugoniaceae,Linaceae
Solanales,Humbertiaceae,Convolvulaceae
Malpighiales,Humiriaceae,Humiriaceae
Rosales,Humulaceae,Cannabaceae
Asparagales,Hyacinthaceae,Asparagaceae
Nymphaeales,Hydatellaceae,Hydatellaceae
Piperales,Hydnoraceae,Aristolochiaceae
Cornales,Hydrangeaceae,Hydrangeaceae
Ranunculales,Hydrastidaceae,Ranunculaceae
Alismatales,Hydrillaceae,Hydrocharitaceae
Alismatales,Hydrocharitaceae,Hydrocharitaceae
Ericales,Hydroceraceae,Balsaminaceae
Apiales,Hydrocotylaceae,Araliaceae
Alismatales,Hydrogetonaceae,Potamogetonaceae
Solanales,Hydroleaceae,Hydroleaceae
Nymphaeales,Hydropeltidaceae,Cabombaceae
Gentianales,Hydrophylacaceae,Rubiaceae
Boraginales,Hydrophyllaceae,Hydrophyllaceae
Cornales,Hydrostachyaceae,Hydrostachyaceae
Malpighiales,Hymenocardiaceae,Phyllanthaceae
Hymenophyllales,Hymenophyllaceae,Hymenophyllaceae
Cyatheales,Hymenophyllopsidaceae,Cyatheaceae
Solanales,Hyoscyamaceae,Solanaceae
Ranunculales,Hypecoaceae,Papaveraceae
Brassicales,Hyperantheraceae,Moringaceae
Malpighiales,Hypericaceae,Hypericaceae
Polypodiales-eupolypod I,Hypodematiaceae,Hypodematiaceae
Polypodiales,Hypolepidaceae,Dennstaedtiaceae
Ericales,Hypopityaceae,Ericaceae
Asparagales,Hypoxidaceae,Hypoxidaceae
Geraniales,Hypseocharitaceae,Geraniaceae
Icacinales,Icacinaceae,Icacinaceae
Laurales,Idiospermaceae,Calycanthaceae
Caryophyllales,Illecebraceae,Caryophyllaceae
Aquifoliales,Ilicaceae,Aquifoliaceae
Austrobaileyales,Illiciaceae,Schisandraceae
Laurales,Illigeraceae,Hernandiaceae
Ericales,Impatientaceae,Balsaminaceae
Apiales,Imperatoriaceae,Apiaceae
Fabales,Inocarpaceae,Fabaceae
Asterales,Inulaceae,Asteraceae
Icacinales,Iodaceae,Icacinaceae
Malpighiales,Ionidiaceae,Violaceae
Arecales,Iriarteaceae,Arecaceae
Asparagales,Iridaceae,Iridaceae
Malpighiales,Irvingiaceae,Irvingiaceae
Brassicales,Isatidaceae,Brassicaceae
Myrtales,Isnardiaceae,Onagraceae
Lycopodiales,Isoetaceae,Isoetaceae
Asparagales,Isophysidaceae,Iridaceae
Saxifragales,Iteaceae,Iteaceae
Asterales,Ivaceae,Asteraceae
Crossosomatales,Ixerbaceae,Strasburgeriaceae
Asparagales,Ixiaceae,Iridaceae
Asparagales,Ixioliriaceae,Ixioliriaceae
Malpighiales,Ixonanthaceae,Ixonanthaceae
Caryophyllales,Jalapaceae,Nyctaginaceae
Sapindales,Jamboliferaceae,Rutaceae
Petrosaviales,Japonoliriaceae,Petrosaviaceae
Asterales,Jasionaceae,Campanulaceae
Lamiales,Jasminiaceae,Oleaceae
Asparagales,Johnsoniaceae,Asphodelaceae
Poales,Joinvilleaceae,Joinvilleaceae
Fagales,Juglandaceae,Juglandaceae
Sapindales,Julianiaceae,Anacardiaceae
Poales,Juncaceae,Juncaceae
Alismatales,Juncaginaceae,Juncaginaceae
Cupressales,Juniperaceae,Cupressaceae
Myrtales,Jussiaeaceae,Onagraceae
Lamiales,Justiciaceae,Acanthaceae
Austrobaileyales,Kadsuraceae,Schisandraceae
Solanales,Kaliphoraceae,Montiniaceae
Ericales,Kalmiaceae,Ericaceae
Myrtales,Kaniaceae,Myrtaceae
"fossil Sarbaicarpales, ??near ""Hamamelidales""",Kasicarpaceae,Kasicarpaceae
Caryophyllales,Kewaceae,Kewaceae
Malpighiales,Kiggelariaceae,Achariaceae
Ranunculales,Kingdoniaceae,Circaeasteraceae
Arecales,Kingiaceae,Dasypogonaceae
Cornales,Kirengeshomaceae,Hydrangeaceae
Sapindales,Kirkiaceae,Kirkiaceae
Poales,Kobresiaceae,Cyperaceae
Brassicales,Koeberliniaceae,Koeberliniaceae
Sapindales,Koelreuteriaceae,Sapindaceae
Zygophyllales,Krameriaceae,Krameriaceae
Lamiales,Labiatae,Labiatae
Pandanales,Lacandoniaceae,Triuridaceae
Asparagales,Lachenaliaceae,Asparagaceae
Malpighiales,Lacistemataceae,Lacistemataceae
Piperales,Lactoridaceae,Aristolochiaceae
Asterales,Lactucaceae,Asteraceae
Myrtales,Lagerstroemiaceae,Lythraceae
Apiales,Lagoeciaceae,Apiaceae
Poales,Laguraceae,Poaceae
Lamiales,Lamiaceae,Lamiaceae
Asparagales,Lanariaceae,Lanariaceae
Santalales,Langsdorffiaceae,Balanophoraceae
Lamiales,Lantanaceae,Verbenaceae
Liliales,Lapageriaceae,Philesiaceae
Ranunculales,Lardizabalaceae,Lardizabalaceae
Alismatales,Lasiaceae,Araceae
Malvales,Lasiopetalaceae,Malvaceae
Laurales,Lauraceae,Lauraceae
Myrtales,Lawsoniaceae,Lythraceae
Asparagales,Laxmanniaceae,Asparagaceae
Ericales,Lecythidaceae,Lecythidaceae
Ericales,Ledaceae,Ericaceae
Geraniales,Ledocarpaceae,Francoaceae
Vitales,Leeaceae,Vitaceae
Malpighiales,Legnotidaceae,Rhizophoraceae
Fabales,Leguminosae,Fabaceae
Sapindales,Leitneriaceae,Simaroubaceae
Alismatales,Lemnaceae,Araceae
Boraginales,Lennoaceae,Ehretiaceae
Lamiales,Lentibulariaceae,Lentibulariaceae
Sapindales,Lentiscaceae,Anacardiaceae
Malpighiales,Leoniaceae,Violaceae
Ranunculales,Leonticaceae,Berberidaceae
Celastrales,Lepidobotryaceae,Lepidobotryaceae
Proteales,Lepidocarpaceae,Proteaceae
Arecales,Lepidocaryaceae,Arecaceae
Santalales,Lepidocerataceae,Santalaceae
Cupressales,Lepidothamnaceae,Podocarpaceae
Aquifoliales,Leptaulaceae,Cardiopteridaceae
Myrtales,Leptospermaceae,Myrtaceae
Poales,Lepturaceae,Poaceae
Celastrales,Lepuropetalaceae,Celastraceae
Asparagales,Leucojaceae,Amaryllidaceae
Caryophyllales,Leuctenbergiaceae,Cactaceae
Cupressales,Libocedraceae,Cupressaceae
Malpighiales,Licaniaceae,Chrysobalanaceae
Lamiales,Ligustraceae,Oleaceae
Alismatales,Lilaeaceae,Juncaginaceae
Liliales,Liliaceae,Liliaceae
Caryophyllales,Limeaceae,Limeaceae
Brassicales,Limnanthaceae,Limnanthaceae
Alismatales,Limnocharitaceae,Alismataceae
Cupressales,Limnnopityaceae,Cupressaceae
Asparagales,Limodoraceae,Orchidaceae
Caryophyllales,Limoniaceae,Plumbaginaceae
Lamiales,Limosellaceae,Scrophulariaceae
Malpighiales,Linaceae,Linaceae
Lamiales,Linariaceae,Plantaginaceae
Lamiales,Lindenbergiaceae,Orobanchaceae
Lamiales,Linderniaceae,Linderniaceae
Rosales,Lindleyaceae,Rosaceae
Polypodiales,Lindsaeaceae,Lindsaeaceae
Dipsacales,Linnaeaceae,Caprifoliaceae
Asparagales,Liparidaceae,Orchidaceae
Gentianales,Lippayaceae,Rubiaceae
Liliales,Liriaceae,Liliaceae
Magnoliales,Liriodendraceae,Magnoliaceae
Ericales,Lissocarpaceae,Ebenaceae
Lamiales,Littorellaceae,Plantaginaceae
Cornales,Loasaceae,Loasaceae
Asterales,Lobeliaceae,Campanulaceae
Gentianales,Loganiaceae,Loganiaceae
Poales,Loliaceae,Poaceae
Asparagales,Lomandraceae,Asparagaceae
Polypodiales-eupolypod I,Lomariopsidaceae,Lomariopsidaceae
Polypodiales,Lonchitidaceae,Lonchitidaceae
Dipsacales,Loniceraceae,Caprifoliaceae
Myrtales,Lopeziaceae,Onagraceae
Caryophyllales,Lophiocarpaceae,Lophiocarpaceae
Dioscoreales,Lophiolaceae,Nartheciaceae
Malpighiales,Lophiraceae,Ochnaceae
Santalales,Lophophytaceae,Balanophoraceae
Malpighiales,Lophopyxidaceae,Lophopyxidaceae
Cyatheales,Lophosoriaceae,Dicksoniaceae
Santalales,Loranthaceae,Loranthaceae
Fabales,Lotaceae,Fabaceae
Zingiberales,Lowiaceae,Lowiaceae
Polypodiales-eupolypod I,Loxogrammaceae,Polypodiaceae
Cyatheales,Loxsomataceae,Loxsomataceae
Rosales,Lupulaceae,Cannabaceae
Malpighiales,Luxemburgiaceae,Ochnaceae
Liliales,Luzuriagaceae,Alstroemeriaceae
Caryophyllales,Lychnidaceae,Caryophyllaceae
Solanales,Lyciaceae,Solanaceae
Lycopodiales,Lycopodiaceae,Lycopodiaceae
Poales,Lyginiaceae,Restionaceae
Schizaeales,Lygodiaceae,Lygodiaceae
Gentianales,Lygodisodeaceae,Rubiaceae
Ericales,Lysimachiaceae,Primulaceae
Myrtales,Lythraceae,Lythraceae
Malpighiales,Macarisiaceae,Rhizophoraceae
Caryophyllales,Macarthuriaceae,Macarthuriaceae
Apiales,Mackinlayaceae,Apiaceae
Asterales,Madiaceae,Asteraceae
Ericales,Maesaceae,Primulaceae
Magnoliales,Magnoliaceae,Magnoliaceae
Rosales,Malaceae,Rosaceae
Malpighiales,Malesherbiaceae,Passifloraceae
Arecales,Malortieaceae,Arecaceae
Malpighiales,Malpighiaceae,Malpighiaceae
Malvales,Malvaceae,Malvaceae
Malpighiales,Mangiaceae,Rhizophoraceae
Arecales,Manicariaceae,Arecaceae
Malvales,Mansoniaceae,Malvaceae
Poales,Mapaniaceae,Cyperaceae
Zingiberales,Marantaceae,Marantaceae
Malpighiales,Marathraceae,Podostemaceae
Ericales,Marcgraviaceae,Marcgraviaceae
Marsileales,Marsileaceae,Marsileaceae
Marattiales,Marattiaceae,Marattiaceae
Lamiales,Martyniaceae,Martyniaceae
Cornales,Mastixiaceae,Nyssaceae
Gleicheniales,Matoniaceae,Matoniaceae
Asterales,Matricariaceae,Asteraceae
Alismatales,Maundiaceae,Maundiaceae
Poales,Mayacaceae,Mayacaceae
Lamiales,Mazaceae,Mazaceae
Liliales,Medeolaceae,Liliaceae
Malpighiales,Medusagynaceae,Ochnaceae
Saxifragales,Medusandraceae,Peridiscaceae
Myrtales,Melaleucaceae,Myrtaceae
Lamiales,Melampyraceae,Orobanchaceae
Apiales,Melanophyllaceae,Torricelliaceae
Liliales,Melanthiaceae,Melanthiaceae
Myrtales,Melastomataceae,Melastomataceae
Sapindales,Meliaceae,Meliaceae
Geraniales,Melianthaceae,Greyiaceae
Poales,Melicaceae,Poaceae
Proteales,Meliosmaceae,Sabiaceae
Lamiales,Melittidaceae,Lamiaceae
Malvales,Melochiaceae,Malvaceae
Myrtales,Memecylaceae,Melastomataceae
Lamiales,Mendonciaceae,Acanthaceae
Ranunculales,Menispermaceae,Menispermaceae
Lamiales,Menthaceae,Lamiaceae
Asterales,Menyanthaceae,Menyanthaceae
Ericales,Menzieziaceae,Ericaceae
Malpighiales,Mercurialaceae,Euphorbiaceae
Liliales,Merenderaceae,Colchicaceae
Caryophyllales,Mesembryaceae,Aizoaceae
Caryophyllales,Mesembryanthemaceae,Aizoaceae
Rosales,Mespilaceae,Rosaceae
Cupressales,Metasequioaceae,Cupressaceae
Cyatheales,Metaxyaceae,Metaxyaceae
Metteniusales,Metteniusaceae,Metteniusaceae
Lamiales,Meyeniaceae,Acanthaceae
Myrtales,Miconiaceae,Melastomataceae
Malpighiales,Micrantheaceae,Picrodendraceae
Cupressales,Microbiotaceae,Cupressaceae
Cupressales,Microcachrydaceae,Podocarpaceae
Cycadales,Microcycadaceae,Zamiaceae
Cupressales,Microstrobaceae,Podocarpaceae
Caryophyllales,Microteaceae,Microteaceae
Poales,Miliaceae,Poaceae
Asparagales,Milulaceae,Amaryllidaceae
Fabales,Mimosaceae,Fabaceae
Caryophyllales,Minuartiaceae,Caryophyllaceae
Caryophyllales,Mirabilidaceae,Nyctaginaceae
Santalales,Misodendraceae,Misodendraceae
Ericales,Mitrastemonaceae,Mitrastemonaceae
Petrosaviales,Miyoshiaceae,Petrosaviaceae
Malpighiales,Modeccaceae,Passifloraceae
Caryophyllales,Molluginaceae,Molluginaceae
Lamiales,Monardaceae,Lamiaceae
Laurales,Monimiaceae,Monimiaceae
Magnoliales,Monodoraceae,Annonaceae
Malvales,Monotaceae,Dipterocarpaceae
Ericales,Monotropaceae,Ericaceae
Alismatales,Monsteraceae,Araceae
Caryophyllales,Montiaceae,Montiaceae
Solanales,Montiniaceae,Montiniaceae
Ceratophyllales,Montsechiaceae (extinct),Montsechiaceae (extinct)
Rosales,Moraceae,Moraceae
Arecales,Moreniaceae,Arecaceae
Dipsacales,Morinaceae,Caprifoliaceae
Brassicales,Moringaceae,Moringaceae
Myrtales,Mouririaceae,Melastomataceae
Fabales,Moutabeaceae,Polygalaceae
Malvales,Muntingiaceae,Muntingiaceae
Zingiberales,Musaceae,Musaceae
Asterales,Mutisiaceae,Asteraceae
Apiales,Myodocarpaceae,Myodocarpaceae
Lamiales,Myoporaceae,Scrophulariaceae
Fagales,Myricaceae,Myricaceae
Saxifragales,Myriophyllaceae,Haloragaceae
Magnoliales,Myristicaceae,Myristicaceae
Myrtales,Myrobalanaceae,Combretaceae
Gunnerales,Myrothamnaceae,Myrothamnaceae
Myrtales,Myrrhiniaceae,Myrtaceae
Ericales,Myrsinaceae,Primulaceae
Myrtales,Myrtaceae,Myrtaceae
Santalales,Mystropetalaceae,Balanophoraceae
Cupressales,Nageiaceae,Podocarpaceae
Alismatales,Najadaceae,Hydrocharitaceae
Boraginales,Namaceae,Namaceae
Ranunculales,Nandinaceae,Berberidaceae
Santalales,Nanodeaceae,Santalaceae
Ericales,Napoleonaeaceae,Lecythidaceae
Dioscoreales,Nartheciaceae,Nartheciaceae
Asparagales,Narcissaceae,Amaryllidaceae
Poales,Nardaceae,Poaceae
Asterales,Nassauviaceae,Asteraceae
Gentianales,Naucleaceae,Rubiaceae
Malpighiales,Nectaropetalaceae,Erythroxylaceae
Polypodiales,Negripteridaceae,Pteridaceae
Rosales,Neilliaceae,Rosaceae
Lamiales,Nelsoniaceae,Acanthaceae
Proteales,Nelumbonaceae,Nelumbonaceae
Asterales,Nemacladaceae,Campanulaceae
Cupressales,Neocallitropsidaceae,Cupressaceae
Asparagales,Neottiaceae,Orchidaceae
Caryophyllales,Nepenthaceae,Nepenthaceae
Lamiales,Nepetaceae,Lamiaceae
Polypodiales-eupolypod I,Nephrolepidaceae,Nephrolepidaceae
Lamiales,Nesogenaceae,Orobanchaceae
Malvales,Neuradaceae,Neuradaceae
Asparagales,Neuwiediaceae,Orchidaceae
Cucurbitales,Nhandirobaceae,Cucurbitaceae
Solanales,Nicotianaceae,Solanaceae
Ranunculales,Nigellaceae,Ranunculaceae
Sapindales,Nitrariaceae,Nitrariaceae
Solanales,Nolanaceae,Solanaceae
Asparagales,Nolinaceae,Asparagaceae
Gentianales,Nonateliaceae,Rubiaceae
Caryophyllales,Nopaleaceae,Cactaceae
Ericales,Noranteaceae,Marcgraviaceae
Fagales,Nothofagaceae,Nothofagaceae
Nymphaeales,Nupharaceae,Nymphaeaceae
Santalales,Nuytsiaceae,Loranthaceae
Caryophyllales,Nyctaginaceae,Nyctaginaceae
Lamiales,Nyctanthaceae,Oleaceae
Nymphaeales,Nymphaeaceae,Nymphaeaceae
Arecales,Nypaceae,Arecaceae
Cornales,Nyssaceae,Nyssaceae
Gentianales,Obolariaceae,Gentianaceae
Malpighiales,Ochnaceae,Ochnaceae
Crossosomatales,Ochranthaceae,Staphyleaceae
Santalales,Octoknemaceae,Octoknemaceae
Myrtales,Oenotheraceae,Onagraceae
Lamiales,Oftiaceae,Scrophulariaceae
Santalales,Olacaceae,Olacaceae
Lamiales,Oleaceae,Oleaceae
Polypodiales-eupolypod I,Oleandraceae,Oleandraceae
Myrtales,Oliniaceae,Penaeaceae
Poales,Olyraceae,Poaceae
Myrtales,Onagraceae,Onagraceae
Icacinales,Oncothecaceae,Oncothecaceae
eupolypod II,Onocleaceae,Onocleaceae
Boraginales,Onosmaceae,Boraginaceae
Gentianales,Operculariaceae,Rubiaceae
Ophioglossales,Ophioglossaceae,Ophioglossaceae
Asparagales,Ophiopogonaceae,Asparagaceae
Gentianales,Ophioxylaceae,Apocynaceae
Cornales,Ophiraceae,Grubbiaceae
Poales,Ophiuraceae,Poaceae
Asparagales,Ophrydaceae,Orchidaceae
Santalales,Opiliaceae,Opiliaceae
Asparagales,Oporanthaceae,Amaryllidaceae
Caryophyllales,Opuntiaceae,Cactaceae
Asparagales,Orchidaceae,Orchidaceae
Asparagales,Ornithogalaceae,Asparagaceae
Oxalidales,Ornithrophaceae,Cunoniaceae
Lamiales,Orobanchaceae,Orobanchaceae
Alismatales,Orontiaceae,Araceae
Caryophyllales,Ortegaceae,Caryophyllaceae
Poales,Oryzaceae,Poaceae
Santalales,Osyridaceae,Santalaceae
Oxalidales,Oxalidaceae,Oxalidaceae
Lamiales,Oxycladaceae,Plantaginaceae
Ericales,Oxycoccaceae,Ericaceae
Brassicales,Oxystylidaceae,Cleomaceae
Buxales,Pachysandraceae,Buxaceae
Gentianales,Pacouriaceae,Apocynaceae
Saxifragales,Paeoniaceae,Paeoniaceae
Gentianales,Pagamaeaceae,Rubiaceae
Malpighiales,Paivaeusaceae,Picrodendraceae
Arecales,Palmae,Palmae
Asparagales,Pancratiaceae,Amaryllidaceae
Malpighiales,Pandaceae,Pandaceae
Pandanales,Pandanaceae,Pandanaceae
Malpighiales,Pangiaceae,Achariaceae
Poales,Panicaceae,Poaceae
Ranunculales,Papaveraceae,Papaveraceae
Brassicales,Papayaceae,Caricaceae
Fabales,Papilionaceae,Fabaceae
Poales,Pappophoraceae,Poaceae
Poales,Papyraceae,Cyperaceae
Paracryphiales,Paracryphiaceae,Paracryphiaceae
Cupressales,Parasitaxaceae,Podocarpaceae
Poales,Parianaceae,Poaceae
Liliales,Paridaceae,Melanthiaceae
Polypodiales,Parkeriaceae,Pteridaceae
Celastrales,Parnassiaceae,Celastraceae
Caryophyllales,Paronychiaceae,Caryophyllaceae
Malpighiales,Paropsiaceae,Passifloraceae
Saxifragales,Parrotiaceae,Hamamelidaceae
Asterales,Partheniaceae,Asteraceae
Poales,Paspalaceae,Poaceae
Malpighiales,Passifloraceae,Passifloraceae
Apiales,Pastinacaceae,Apiaceae
Sapindales,Paulliniaceae,Sapindaceae
Lamiales,Paulowniaceae,Paulowniaceae
Sapindales,Paviaceae,Sapindaceae
Saxifragales,Pectiantiaceae,Saxifragaceae
Lamiales,Pedaliaceae,Pedaliaceae
Lamiales,Pedicularidaceae,Orobanchaceae
Sapindales,Peganaceae,Nitrariaceae
Asparagales,Peliosanthaceae,Asparagaceae
Ericales,Pellicieraceae,Tetrameristaceae
Lamiales,Peltantheraceae,Peltantheraceae
Myrtales,Penaeaceae,Penaeaceae
Apiales,Pennantiaceae,Pennantiaceae
Brassicales,Pentadiplandraceae,Pentadiplandraceae
Malvales,Pentapetaceae,Malvaceae
Asterales,Pentaphragmataceae,Pentaphragmataceae
Ericales,Pentaphylacaceae,Pentaphylacaceae
Pandanales,Pentastemonaceae,Stemonaceae
Saxifragales,Penthoraceae,Penthoraceae
Piperales,Peperomiaceae,Piperaceae
Malpighiales,Peraceae,Peraceae
Polypodiales-eupolypod I,Peranemataceae,Dryopteridaceae
Asterales,Perdiciaceae,Asteraceae
Saxifragales,Peridiscaceae,Peridiscaceae
Gentianales,Periplocaceae,Apocynaceae
Aquifoliales,Peripterygiaceae,Cardiopteridaceae
Laurales,Perseaceae,Lauraceae
Caryophyllales,Persicariaceae,Polygonaceae
Huerteales,Petenaeaceae,Petenaeaceae
Liliales,Petermanniaceae,Petermanniaceae
Caryophyllales,Petiveriaceae,Petiveriaceae
Lamiales,Petreaceae,Verbenaceae
Petrosaviales,Petrosaviaceae,Petrosaviaceae
Poales,Phalaridaceae,Poaceae
Malvales,Phaleriaceae,Thymelaeaceae
Poales,Pharaceae,Poaceae
Caryophyllales,Pharnaceaceae,Molluginaceae
Fabales,Phaseolaceae,Fabaceae
Asterales,Phellinaceae,Phellinaceae
Lamiales,Phelypaeaceae,Orobanchaceae
Cupressales,Pherosphaeraceae,Podocarpaceae
Cornales,Philadelphaceae,Hydrangeaceae
Liliales,Philesiaceae,Philesiaceae
Malvales,Philippodendraceae,Malvaceae
Malpighiales,Philocrenaceae,Podostemaceae
Alismatales,Philodendraceae,Araceae
Commelinales,Philydraceae,Philydraceae
Poales,Phleaceae,Poaceae
Arecales,Phoenicaceae,Arecaceae
Santalales,Phoradendraceae,Santalaceae
Asparagales,Phormiaceae,Asphodelaceae
Lamiales,Phrymaceae,Phrymaceae
Rosales,Phylicaceae,Rhamnaceae
Malpighiales,Phyllanthaceae,Phyllanthaceae
Cupressales,Phyllocladaceae,Podocarpaceae
Aquifoliales,Phyllonomaceae,Phyllonomaceae
Caryophyllales,Physenaceae,Physenaceae
Arecales,Phytelephaceae,Arecaceae
Icacinales,Phytocrenaceae,Icacinaceae
Caryophyllales,Phytolaccaceae,Phytolaccaceae
Pinales,Piceaceae,Pinaceae
Picramniales,Picramniaceae,Picramniaceae
Asterales,Picridaceae,Asteraceae
Malpighiales,Picrodendraceae,Picrodendraceae
Cupressales,Pilgerodendraceae,Cupressaceae
Sapindales,Pilocarpaceae,Rutaceae
Marsileales,Pilulariaceae,Marsileaceae
Apiales,Pimpinellaceae,Apiaceae
Pinales,Pinaceae,Pinaceae
Lamiales,Pinguiculaceae,Lentibulariaceae
Piperales,Piperaceae,Piperaceae
Malpighiales,Piriquetaceae,Passifloraceae
Caryophyllales,Pisoniaceae,Nyctaginaceae
Sapindales,Pistaciaceae,Anacardiaceae
Alismatales,Pistiaceae,Araceae
Apiales,Pittosporaceae,Pittosporaceae
Malvales,Plagianthaceae,Malvaceae
Cyatheales,Plagiogyraceae,Plagiogyraceae
Celastrales,Plagiopteraceae,Celastraceae
Lamiales,Plantaginaceae,Plantaginaceae
Proteales,Platanaceae,Platanaceae
Fagales,Platycaryaceae,Juglandaceae
Polypodiales-eupolypod I,Platyceriaceae,Polypodiaceae
Cupressales,Platycladaceae,Cupressaceae
Asterales,Platyspermataceae,Alseuosmiaceae
Polypodiales,Platyzomataceae,Pteridaceae
Myrtales,Plectroniaceae,Penaeaceae
Icacinales,Pleurisanthaceae,Icacinaceae
Polypodiales-eupolypod I,Pleurisoriopsidaceae,Polypodiaceae
Ranunculales,Platystemonaceae,Papaveraceae
Lamiales,Plocospermataceae,Plocospermataceae
Caryophyllales,Plumbaginaceae,Plumbaginaceae
Gentianales,Plumeriaceae,Apocynaceae
Poales,Poaceae,Poaceae
Sapindales,Podoaceae,Anacardiaceae
Cupressales,Podocarpaceae,Podocarpaceae
Ranunculales,Podophyllaceae,Berberidaceae
Malpighiales,Podostemaceae,Podostemaceae
Ericales,Polemoniaceae,Polemoniaceae
Malpighiales,Poliothyrsidaceae,Salicaceae
Caryophyllales,Polpodaceae,Molluginaceae
Caryophyllales,Polycarpaeaceae,Caryophyllaceae
Caryophyllales,Polycnemaceae,Amaranthaceae
Fabales,Polygalaceae,Polygalaceae
Caryophyllales,Polygonaceae,Polygonaceae
Cucurbitales,Polygonanthaceae,Anisophylleaceae
Asparagales,Polygonataceae,Asparagaceae
Escalloniales,Polyosmaceae,Escalloniaceae
Polypodiales-eupolypod I,Polypodiaceae,Polypodiaceae
Commelinales,Pontederiaceae,Pontederiaceae
Solanales,Poranaceae,Convolvulaceae
Malpighiales,Porantheraceae,Phyllanthaceae
Caryophyllales,Portulacaceae,Portulacaceae
Caryophyllales,Portulacariaceae,Didiereaceae
Alismatales,Posidoniaceae,Posidoniaceae
Gentianales,Potaliaceae,Gentianaceae
Alismatales,Potamogetonaceae,Potamogetonaceae
Rosales,Potentillaceae,Rosaceae
Rosales,Poteriaceae,Rosaceae
Alismatales,Pothaceae,Araceae
Celastrales,Pottingeriaceae,Celastraceae
Ericales,Primulaceae,Primulaceae
Poales,Prioniaceae,Thurniaceae
Ericales,Prionotaceae,Ericaceae
Malpighiales,Prockiaceae,Salicaceae
Proteales,Proteaceae,Proteaceae
Cupressales,Prumnopityaceae,Podocarpaceae
Rosales,Prunaceae,Rosaceae
Ranunculales,Pseliaceae,Menispermaceae
Malpighiales,Pseudanthaceae,Picrodendraceae
Arecales,Pseudophoenicaceae,Arecaceae
Ophioglossales,Psilotaceae,Psilotaceae
Myrtales,Psiloxylaceae,Myrtaceae
Santalales,Psittacanthaceae,Loranthaceae
Gentianales,Psychotriaceae,Rubiaceae
Lamiales,Psylliaceae,Plantaginaceae
Sapindales,Ptaeroxylaceae,Rutaceae
Sapindales,Pteleaceae,Rutaceae
Gentianales,Pteleocarpaceae,?Gelsemiaceae
Polypodiales,Pteridaceae,Pteridaceae
Polypodiales,Pteridiaceae,Dennstaedtiaceae
Ranunculales,Pteridophyllaceae,Papaveraceae
Vitales,Pterisanthaceae,Vitaceae
Saxifragales,Pterostemonaceae,Iteaceae
Myrtales,Punicaceae,Lythraceae
Malpighiales,Putranjivaceae,Putranjivaceae
Orchidales,Pycnanthaceae,Orchidaceae
Rosales,Pyraceae,Rosaceae
Ericales,Pyrolaceae,Pyroloideae
Sapindales,Quassiaceae,Simaroubaceae
Fagales,Quercaceae,Fagaceae
Malpighiales,Quiinaceae,Ochnaceae
Fabales,Quillajaceae,Quillajaceae
Paracryphiales,Quintiniaceae,Paracryphiaceae
Malpighiales,Rafflesiaceae,Rafflesiaceae
Lamiales,Ramondaceae,Gesneriaceae
Gentianales,Randiaceae,Rubiaceae
Ranunculales,Ranunculaceae,Ranunculaceae
Ranunculales,Ranzaniaceae,Berberidaceae
Poales,Rapateaceae,Rapateaceae
Brassicales,Raphanaceae,Brassicaceae
Caryophyllales,Reaumuriaceae,Tamaricaceae
Lamiales,Rehmanniaceae,Orobanchaceae
Brassicales,Resedaceae,Resedaceae
Poales,Restionaceae,Restionaceae
Lamiales,Retziaceae,Stilbaceae
Caryophyllales,Rhabdodendraceae,Rhabdodendraceae
Polypodiales-eupolypod II,Rhachidosoraceae,Rhachidosoraceae
Rosales,Rhamnaceae,Rhamnaceae
Ericales,Rhaptopetalaceae,Lecythidaceae
Myrtales,Rhexiaceae,Melastomataceae
Lamiales,Rhinanthaceae,Orobanchaceae
Liliales,Rhipogonaceae,Rhipogonaceae
Malpighiales,Rhizophoraceae,Rhizophoraceae
Sapindales,Rhoaceae,Anacardiaceae
Saxifragales,Rhodiolaceae,Crassulaceae
Ericales,Rhododendraceae,Ericaceae
Malvales,Rhodolaenaceae,Sarcolaenaceae
Saxifragales,Rhodoleiaceae,Hamamelidaceae
Ericales,Rhodoraceae,Ericaceae
Rosales,Rhodotypaceae,Rosaceae
Fagales,Rhoipteleaceae,Juglandaceae
Malvales,Rhopalocarpaceae,Sphaerosepalaceae
Myrtales,Rhynchocalycaceae,Penaeaceae
Geraniales,Rhynchothecaceae,Francoaceae
Saxifragales,Ribesiaceae,Grossulariaceae
Malpighiales,Ricinaceae,Euphorbiaceae
Malpighiales,Ricinocarpaceae,Euphorbiaceae
Caryophyllales,Rivinaceae,Petiveriaceae
Ericales,Roridulaceae,Roridulaceae
Rosales,Rosaceae,Rosaceae
Asterales,Rousseaceae,Rousseaceae
Pandanales,Roxburghiaceae,Stemonaceae
Gentianales,Rubiaceae,Rubiaceae
Caryophyllales,Rumicaceae,Polygonaceae
Alismatales,Ruppiaceae,Ruppiaceae
Asparagales,Ruscaceae,Asparagaceae
Sapindales,Rutaceae,Rutaceae
Arecales,Sabalaceae,Arecaceae
Proteales,Sabiaceae,Sabiaceae
Gentianales,Sabiceaceae,Rubiaceae
Caryophyllales,Sabulinaceae,Caryophyllaceae
Poales,Saccharaceae,Poaceae
Gentianales,Saccifoliaceae,Gentianaceae
Polypodiales,Saccolomataceae,Saccolomataceae
Arecales,Sagaceae,Arecaceae
Caryophyllales,Saginaceae,Caryophyllaceae
Solanales,Sagoneaceae,Hydroleaceae
Celastrales,Salaciaceae,Celastraceae
Ericales,Salaxidaceae,Ericaceae
Lamiales,Salazariaceae,Lamiaceae
Malpighiales,Salicaceae,Salicaceae
Caryophyllales,Salicorniaceae,Amaranthaceae
Solanales,Salpiglossidaceae,Solanaceae
Caryophyllales,Salsolaceae,Amaranthaceae
Brassicales,Salvadoraceae,Salvadoraceae
Lamiales,Salviaceae,Lamiaceae
Marsileales,Salviniaceae,Salviniaceae
Dipsacales,Sambucaceae,Adoxaceae
Ericales,Samolaceae,Primulaceae
Malpighiales,Samydaceae,Salicaceae
Rosales,Sanguisorbaceae,Rosaceae
Apiales,Saniculaceae,Apiaceae
Asparagales,Sansevieriaceae,Asparagaceae
Santalales,Santalaceae,Santalaceae
Asterales,Santolinaceae,Asteraceae
Sapindales,Sapindaceae,Sapindaceae
Ericales,Sapotaceae,Sapotaceae
"fossil Sarbaicarpales, ??near ""Hamamelidales""",Sarbaicarpaceae,Sarbaicarpaceae
Caryophyllales,Sarcobataceae,Sarcobataceae
Caryophyllales,Sarcocaceae,Phytolaccaceae
Malvales,Sarcolaenaceae,Sarcolaenaceae
Santalales,Sarcophytaceae,Balanophoraceae
Ericales,Sarcospermataceae,Sapotaceae
Icacinales,Sarcostigmataceae,Icacinaceae
Ranunculales,Sargentodoxaceae,Lardizabalaceae
Ericales,Sarraceniaceae,Sarraceniaceae
Lamiales,Saturejaceae,Lamiaceae
Ericales,Saurauiaceae,Actinidiaceae
Piperales,Saururaceae,Saururaceae
Malpighiales,Sauvagesiaceae,Ochnaceae
Cupressales,Saxegothaeaceae,Podocarpaceae
Saxifragales,Saxifragaceae,Saxifragaceae
Dipsacales,Scabiosaceae,Caprifoliaceae
Asterales,Scaevolaceae,Goodeniaceae
Apiales,Scandicaceae,Apiaceae
Malpighiales,Scepaceae,Phyllanthaceae
Alismatales,Scheuchzeriaceae,Scheuchzeriaceae
Sapindales,Schinaceae,Anacardiaceae
Austrobaileyales,Schisandraceae,Schisandraceae
Schizaeales,Schizaeaceae,Schizaeaceae
Malvales,Schizolaenaceae,Sarcolaenaceae
Brassicales,Schizopetalaceae,Brassicaceae
Lamiales,Schlegeliaceae,Schlegeliaceae
Santalales,Schoepfiaceae,Schoepfiaceae
Lamiales,Schreberaceae,Oleaceae
Cupressales,Sciadopityaceae,Sciadopityaceae
Asparagales,Scillaceae,Asparagaceae
Poales,Scirpaceae,Cyperaceae
Caryophyllales,Scleranthaceae,Caryophyllaceae
Poales,Scleriaceae,Cyperaceae
Solanales,Sclerophylacaceae,Solanaceae
Liliales,Scoliopaceae,Streptopoideae
Lamiales,Scopariaceae,Plantaginaceae
Santalales,Scorodocarpaceae,Strombosiaceae
Lamiales,Scrophulariaceae,Scrophulariaceae
Lamiales,Scutellariaceae,Lamiaceae
Santalales,Scybaliaceae,Balanophoraceae
Malpighiales,Scyphostegiaceae,Salicaceae
Ericales,Scytopetalaceae,Lecythidaceae
Boraginales,Sebestenaceae,Cordiaceae
Saxifragales,Sedaceae,Crassulaceae
Caryophyllales,Seguieriaceae,Petiveriaceae
Lamiales,Selaginaceae,Scrophulariaceae
Lycopodiales,Selaginellaceae,Selaginellaceae
Apiales,Selinaceae,Apiaceae
Saxifragales,Sempervivaceae,Crassulaceae
Asterales,Senecionaceae,Asteraceae
Cupressales,Sequoiaceae,Cupressaceae
Asterales,Serratulaceae,Asteraceae
Lamiales,Sesamaceae,Pedaliaceae
Poales,Sesleriaceae,Poaceae
Caryophyllales,Sesuviaceae,Aizoaceae
Brassicales,Setchellanthaceae,Setchellanthaceae
Myrtales,Sheadendraceae,Combretaceae
Lamiales,Sibthorpiaceae,Plantaginaceae
Malvales,Sidaceae,Malvaceae
Caryophyllales,Silenaceae,Caryophyllaceae
Apiales,Sileraceae,Apiaceae
Sapindales,Simabaceae,Simaroubaceae
Sapindales,Simaroubaceae,Simaroubaceae
Caryophyllales,Simmondsiaceae,Simmondsiaceae
Ranunculales,Sinofranchetiaceae,Lardizabalaceae
Polypodiales,Sinopteridaceae,Pteridaceae
Laurales,Siparunaceae,Siparunaceae
Lamiales,Siphonanthaceae,Lamiaceae
Celastrales,Siphonodontaceae,Celastraceae
Brassicales,Sisymbriaceae,Brassicaceae
Ericales,Sladeniaceae,Sladeniaceae
Malpighiales,Smeathmanniaceae,Passifloraceae
Liliales,Smilacaceae,Smilacaceae
Apiales,Smyrniaceae,Apiaceae
Solanales,Solanaceae,Solanaceae
Myrtales,Sonneratiaceae,Lythraceae
Dilleniales,Soramiaceae,Dilleniaceae
Rosales,Sorbaceae,Rosaceae
Sapindales,Soulameaceae,Simaroubaceae
Saxifragales,Soyauxiaceae,Peridiscaceae
Poales,Sparganiaceae,Typhaceae
Malvales,Sparmanniaceae,Malvaceae
Poales,Spartinaceae,Poaceae
Sapindales,Spatheliaceae,Rutaceae
Caryophyllales,Spergulaceae,Caryophyllaceae
Gentianales,Spermacoceaceae,Rubiaceae
Malvales,Sphaerosepalaceae,Sphaerosepalaceae
Solanales,Sphenocleaceae,Sphenocleaceae
Paracryphiales,Sphenostemonaceae,Paracryphiaceae
Gentianales,Spigeliaceae,Loganiaceae
Caryophyllales,Spinaciaceae,Amaranthaceae
Rosales,Spiraeaceae,Rosaceae
Oxalidales,Spiraeanthemaceae,Cunoniaceae
Sapindales,Spondiadaceae,Anacardiaceae
Poales,Sporobolaceae,Poaceae
Lamiales,Stachydaceae,Lamiaceae
Crossosomatales,Stachyuraceae,Stachyuraceae
Celastrales,Stackhousiaceae,Celastraceae
Cycadales,Stangeriaceae,Zamiaceae
Brassicales,Stanleyaceae,Brassicaceae
Gentianales,Stapeliaceae,Apocynaceae
Crossosomatales,Staphyleaceae,Staphyleaceae
Caryophyllales,Staticaceae,Plumbaginaceae
Caryophyllales,Stegnospermataceae,Stegnospermataceae
Caryophyllales,Stellariaceae,Caryophyllaceae
Pandanales,Stemonaceae,Stemonaceae
Aquifoliales,Stemonuraceae,Stemonuraceae
Dioscoreales,Stenomeridaceae,Dioscoreaceae
Malvales,Sterculiaceae,Malvaceae
Malpighiales,Stilaginaceae,Phyllanthaceae
Lamiales,Stilbaceae,Stilbaceae
Poales,Stipaceae,Poaceae
Brassicales,Stixidaceae,Resedaceae
Crossosomatales,Strasburgeriaceae,Strasburgeriaceae
Alismatales,Stratiotaceae,Hydrocharitaceae
Zingiberales,Strelitziaceae,Strelitziaceae
Poales,Streptochaetaceae,Poaceae
Gleicheniales,Stromatopteridaceae,Gleicheniaceae
Santalales,Strombosiaceae,Strombosiaceae
Asparagales,Strumariaceae,Amaryllidaceae
Gentianales,Strychnaceae,Loganiaceae
Asterales,Stylidiaceae,Stylidiaceae
Fabales,Stylobasiaceae,Surianaceae
Buxales,Stylocerataceae,Buxaceae
Ericales,Stypheliaceae,Ericaceae
Ericales,Styracaceae,Styracaceae
Fabales,Surianaceae,Surianaceae
Fabales,Swartziaceae,Fabaceae
Sapindales,Swieteniaceae,Meliaceae
Lamiales,Symphoremataceae,Lamiaceae
Ericales,Symplocaceae,Symplocaceae
Arecales,Synechanthaceae,Arecaceae
Lamiales,Syringaceae,Oleaceae
Dioscoreales,Taccaceae,Taccaceae
Polypodiales,Taenitidaceae,Pteridaceae
Cupressales,Taiwaniaceae,Cupressaceae
Canellales,Taktajaniaceae,Winteraceae
Caryophyllales,Talinaceae,Talinaceae
Dioscoreales,Tamaceae,Dioscoreaceae
Caryophyllales,Tamaricaceae,Tamaricaceae
Fabales,Tamarindaceae,Fabaceae
Dioscoreales,Tamnaceae,Dioscoreaceae
Asterales,Tanacetaceae,Asteraceae
Huerteales,Tapisciaceae,Tapisciaceae
Cupressales,Taxaceae,Taxaceae
Cupressales,Taxodiaceae,Cupressaceae
Asparagales,Tecophilaeaceae,Tecophilaeaceae
Polypodiales-eupolypod I,Tectariaceae,Tectariaceae
Caryophyllales,Telephiaceae,Caryophyllaceae
Malvales,Tepuianthaceae,Thymelaeaceae
Myrtales,Terminaliaceae,Combretaceae
Ericales,Ternstroemiaceae,Pentaphylacaceae
Saxifragales,Tetracarpaeaceae,Tetracarpaeaceae
Trochodendrales,Tetracentraceae,Trochodendraceae
Lamiales,Tetrachondraceae,Tetrachondraceae
Cupressales,Tetraclinaceae,Cupressaceae
Sapindales,Tetradiclidaceae,Nitrariaceae
Caryophyllales,Tetragoniaceae,Aizoaceae
Cucurbitales,Tetramelaceae,Tetramelaceae
Ericales,Tetrameristaceae,Tetrameristaceae
Santalales,Tetrastylidiaceae,Strombosiaceae
Oxalidales,Tetrathecaceae,Elaeocarpaceae
Alismatales,Thalassiaceae,Hydrocharitaceae
Ranunculales,Thalictraceae,Ranunculaceae
Ericales,Theaceae,Theaceae
Gentianales,Theligonaceae,Rubiaceae
Polypodiales-eupolypod II,Thelypteridaceae,Thelypteridaceae
Asparagales,Themidaceae,Asparagaceae
Malvales,Theobromataceae,Malvaceae
Ericales,Theophrastaceae,Primulaceae
Santalales,Thesiaceae,Santalaceae
Dioscoreales,Thismiaceae,Thismiaceae
Brassicales,Thlaspiaceae,Brassicaceae
Gnetales,Thoaceae,Gnetaceae
Lamiales,Thomandersiaceae,Thomandersiaceae
Cupressales,Thujaceae,Cupressaceae
Cupressales,Thujopsidaceae,Cupressaceae
Lamiales,Thunbergiaceae,Acanthaceae
Poales,Thurniaceae,Thurniaceae
Malvales,Thymelaeaceae,Thymelaeaceae
Cyatheales,Thyrsopteridaceae,Thyrsopteridaceae
Fagales,Ticodendraceae,Ticodendraceae
Malvales,Tiliaceae,Malvaceae
Saxifragales,Tillaeaceae,Crassulaceae
Poales,Tillandsiaceae,Bromeliaceae
Dipsacales,Tinaceae,Adoxaceae
Malpighiales,Tithymalaceae,Euphorbiaceae
Ophioglossales,Tmesipteridaceae,Psilotaceae
Alismatales,Tofieldiaceae,Tofieldiaceae
Rosales,Tormentillaceae,Rosaceae
Cupressales,Torreyaceae,Taxaceae
Apiales,Torricelliaceae,Torricelliaceae
Brassicales,Tovariaceae,Tovariaceae
Commelinales,Tradescantiaceae,Commelinaceae
Malpighiales,Tragiaceae,Euphorbiaceae
Myrtales,Trapaceae,Lythraceae
Lamiales,Trapellaceae,Plantaginaceae
Oxalidales,Tremandraceae,Elaeocarpaceae
Malpighiales,Trewiaceae,Euphorbiaceae
Escalloniales,Tribelaceae,Escalloniaceae
Zygophyllales,Tribulaceae,Zygophyllaceae
Hymenophyllales,Trichomanaceae,Hymenophyllaceae
Dioscoreales,Trichopodaceae,Dioscoreaceae
Liliales,Tricyrtidaceae,Calochortoideae
Fabales,Trifoliaceae,Fabaceae
Alismatales,Triglochinaceae,Juncaginaceae
Malpighiales,Trigoniaceae,Trigoniaceae
Liliales,Trilliaceae,Melanthiaceae
Austrobaileyales,Trimeniaceae,Trimeniaceae
Malvales,Triplobaceae,Malvaceae
Malvales,Triplochitonaceae,Malvaceae
Dipsacales,Triplostegiaceae,Caprifoliaceae
Malpighiales,Tristichaceae,Podostemaceae
Poales,Triticaceae,Poaceae
Pandanales,Triuridaceae,Triuridaceae
Trochodendrales,Trochodendraceae,Trochodendraceae
Brassicales,Tropaeolaceae,Tropaeolaceae
Asparagales,Tulbaghiaceae,Amaryllidaceae
Liliales,Tulipaceae,Liliaceae
Gnetales,Tumboaceae,Welwitschiaceae
Asparagales,Tupistraceae,Asparagaceae
Malpighiales,Turneraceae,Passifloraceae
Asterales,Tussilagaceae,Asteraceae
Poales,Typhaceae,Typhaceae
Malpighiales,Uapacaceae,Phyllanthaceae
Caryophyllales,Ullucaceae,Basellaceae
Rosales,Ulmaceae,Ulmaceae
Rosales,Ulmariaceae,Rosaceae
Apiales,Umbelliferae,Apiaceae
Commelinales,Unisemataceae,Pontederiaceae
Rosales,Urticaceae,Urticaceae
Lamiales,Utriculariaceae,Lentibulariaceae
Liliales,Uvulariaceae,Colchicaceae
Ericales,Vacciniaceae,Ericaceae
Vahliales,Vahliaceae,Vahliaceae
Dipsacales,Valerianaceae,Caprifoliaceae
Alismatales,Vallisneriaceae,Hydrocharitaceae
Asparagales,Vanillaceae,Orchidaceae
Pandanales,Velloziaceae,Velloziaceae
Liliales,Veratraceae,Melanthiaceae
Lamiales,Verbascaceae,Scrophulariaceae
Lamiales,Verbenaceae,Verbenaceae
Sapindales,Vernicaceae,Anacardiaceae
Asterales,Vernoniaceae,Asteraceae
Lamiales,Veronicaceae,Plantaginaceae
Dipsacales,Viburnaceae,Adoxaceae
Fabales,Viciaceae,Fabaceae
Gentianales,Vincaceae,Apocynaceae
Malpighiales,Violaceae,Violaceae
Santalales,Viscaceae,Santalaceae
Vitales,Vitaceae,Vitaceae
Lamiales,Viticaceae,Lamiaceae
Polypodiales,Vittariaceae,Pteridaceae
Geraniales,Vivianiaceae,Francoaceae
Myrtales,Vochysiaceae,Vochysiaceae
Commelinales,Wachendorfiaceae,Haemodoraceae
Asparagales,Walleriaceae,Tecophilaeaceae
Sabiales,Wellingtoniaceae,Sabiaceae
Boraginales,Wellstediaceae,Wellstediaceae
Gnetales,Welwitschiaceae,Welwitschiaceae
Cupressales,Widdringtoniaceae,Cupressaceae
Gentianales,Willughbieaceae,Apocynaceae
Canellales,Winteraceae,Winteraceae
Canellales,Winteranaceae,Canellaceae
Alismatales,Wolffiaceae,Araceae
eupolypod II,Woodsiaceae,Woodsiaceae
Asterales,Xanthiaceae,Asteraceae
Sapindales,Xanthoceratceae,Sapindaceae
Fabales,Xanthophyllaceae,Polygalaceae
Asparagales,Xanthorrhoeaceae,Asphodelaceae
Asterales,Xeranthemaceae,Asteraceae
Asparagales,Xeronemataceae,Xeronemataceae
Liliales,Xerophyllaceae,Melanthiaceae
Santalales,Ximeniaceae,Ximeniaceae
Commelinales,Xiphidiaceae,Haemodoraceae
Poales,Xyridaceae,Xyridaceae
Asparagales,Yuccaceae,Asparagaceae
Cycadales,Zamiaceae,Zamiaceae
Alismatales,Zannichelliaceae,Potamogetonaceae
Cucurbitales,Zanoniaceae,Cucurbitaceae
Sapindales,Zanthoxylaceae,Rutaceae
Poales,Zeaceae,Poaceae
Asparagales,Zephyranthaceae,Amaryllidaceae
Zingiberales,Zingiberaceae,Zingiberaceae
Rosales,Ziziphaceae,Rhamnaceae
Alismatales,Zosteraceae,Zosteraceae
Poales,Zoysiaceae,Poaceae
Zygophyllales,Zygophyllaceae,Zygophyllaceae
