,x
1,Abola
2,Acanthocladium
3,Acanthodium
4,Acetosella
5,Acosta
6,Adelia
7,Aikinia
8,Allenia
9,Alliaria
10,Amblytropis
11,Anacampseros
12,Aromadendron
13,Arthraxon
14,Asteriscium
15,Atomostigma
16,Balbisia
17,Banalia
18,Bartonia
19,Bassia
20,Benthamia
21,Bifaria
22,Blechum
23,Bleekeria
24,Blyttia
25,Boivinella
26,Bojeria
27,Bonapartea
28,Bracea
29,Brachylepis
30,Brachyloma
31,Brachypodium
32,Bridgesia
33,Brocchia
34,Brodiaea
35,Brugmansia
36,Bruguiera
37,Brya
38,Bulbostylis
39,Burnettia
40,Calophyllum
41,Campelia
42,Candollea
43,Cedrus
44,Ceramanthus
45,Ceratosepalum
46,Cladocolea
47,Clemensia
48,Coccomelia
49,Coelidium
50,Cohnia
51,Condalia
52,Congdonia
53,Corynotheca
54,Courtoisia
55,Craspedophyllum
56,Crepidophyllum
57,Ctenium
58,Cumingia
59,Cuspidaria
60,Cycnia
61,Cynoctonum
62,Cynodon
63,Cyrtanthus
64,Darcya
65,Dasystachys
66,Devauxia
67,Dianthera
68,Diplanthera
69,Disperma
70,Distichia
71,Ditrichum
72,Donax
73,Drummondia
74,Dryopteris
75,Dunalia
76,Dusenia
77,Duvalia
78,Ehrenbergia
79,Eria
80,Erucaria
81,Erythrocarpus
82,Esenbeckia
83,Eustegia
84,Filicula
85,Finetia
86,Fitzgeraldia
87,Flemingia
88,Fremontia
89,Friesia
90,Froelichia
91,Furcaria
92,Gastrochilus
93,Gerardia
94,Gertrudia
95,Ghiesbreghtia
96,Gigliolia
97,Gilibertia
98,Glaziova
99,Goeppertia
100,Gomara
101,Griffithia
102,Grimaldia
103,Gunnia
104,Gymnotheca
105,Haemanthus
106,Harrisonia
107,Harveya
108,Haynaldia
109,Hedwigia
110,Heeria
111,Helicophyllum
112,Heliohebe
113,Henlea
114,Henricia
115,Hepatica
116,Heteroneurum
117,Hexameria
118,Hickenia
119,Holboellia
120,Honckenya
121,Honkenya
122,Hornschuchia
123,Humboldtia
124,Hutchinsonia
125,Hygrophila
126,Hymenolepis
127,Hypodematium
128,Hypopterygium
129,Ischnanthus
130,Isoloma
131,Joannesia
132,Jonesia
133,Kaulfussia
134,Kurrimia
135,Lachnostoma
136,Lamprophyllum
137,Lasia
138,Laxmannia
139,Lecanium
140,Leersia
141,Lepidostemon
142,Leptopyrum
143,Lichtensteinia
144,Lightfootia
145,Limnobium
146,Lonchitis
147,Lophiocarpus
148,Lopholepis
149,Lumnitzera
150,Lyciopsis
151,Malacocarpus
152,Mammea
153,Manettia
154,Mannia
155,Massularia
156,Mastigophora
157,Meeboldia
158,Mertensia
159,Mesoptera
160,Metastachys
161,Meyenia
162,Micranthus
163,Microchlaena
164,Micromitrium
165,Microstegia
166,Microstegium
167,Mnium
168,Mollia
169,Moniera
170,Moorea
171,Myconia
172,Myrmecophila
173,Myzorrhiza
174,Neesia
175,Nelitris
176,Nivenia
177,Odontitella
178,Omalanthus
179,Onychium
180,Oreocallis
181,Oxymitra
182,Pachyneurum
183,Pachypodium
184,Pallasia
185,Pancovia
186,Panicularia
187,Panzeria
188,Parmentiera
189,Parsonsia
190,Perula
191,Petagnia
192,Phalangium
193,Pierardia
194,Pierrea
195,Piquetia
196,Platyloma
197,Pleuridium
198,Polypodiopsis
199,Psammophila
200,Pseudogaltonia
201,Pterilis
202,Pteropodium
203,Rapinia
204,Rauia
205,Razoumofskya
206,Reinwardtia
207,Reussia
208,Rhacoma
209,Rhynchocarpa
210,Richardia
211,Richea
212,Ripidium
213,Roemeria
214,Roscoea
215,Rostellaria
216,Rotantha
217,Roylea
218,Salisia
219,Salmasia
220,Sargentia
221,Schizostigma
222,Schlechteria
223,Schmidtia
224,Schoenleinia
225,Schousboea
226,Schrebera
227,Sebastiania
228,Silvia
229,Siphonia
230,Skottsbergiella
231,Solena
232,Solenopsis
233,Solmsia
234,Spiranthera
235,Spirostachys
236,Stenocalyx
237,Stipularia
238,Sturmia
239,Swartzia
240,Tapeinanthus
241,Tatea
242,Tetracarpaea
243,Thomandersia
244,Thurberia
245,Tillandsia
246,Trichocyclus
247,Tricholepis
248,Triodon
249,Tulasnea
250,Uncaria
251,Uranthera
252,Urtica
253,Usteria
254,Visiania
255,Wahlenbergia
256,Waitzia
257,Washingtonia
258,Webera
259,Wedelia
260,Welwitschia
261,Wettsteinia
262,Wiborgia
263,Wilhelmsia
264,Zappania
265,Zieria
266,Ziziphus
